id,label
1,Left
2,Left
3,Left
4,Right
5,Right
6,Left
7,Left
8,Left
9,Left
10,Right
11,Left
12,Left
13,Left
14,Right
15,Right
16,Left
17,Right
18,Left
19,Right
20,Left
21,Left
22,Left
23,Left
24,Right
25,Right
26,Right
27,Left
28,Right
29,Left
30,Left
31,Left
32,Right
33,Left
34,Right
35,Right
36,Left
37,Right
38,Left
39,Left
40,Left
41,Left
42,Right
43,Left
44,Left
45,Right
46,Right
47,Right
48,Right
49,Right
50,Right
51,Right
52,Left
53,Right
54,Right
55,Right
56,Left
57,Left
58,Right
59,Left
60,Left
61,Left
62,Left
63,Left
64,Right
65,Right
66,Left
67,Left
68,Left
69,Right
70,Right
71,Right
72,Right
73,Left
74,Left
75,Left
76,Right
77,Right
78,Left
79,Right
80,Left
81,Left
82,Right
83,Right
84,Right
85,Left
86,Right
87,Right
88,Right
89,Left
90,Left
91,Right
92,Right
93,Left
94,Right
95,Left
96,Left
97,Left
98,Left
99,Left
100,Right
101,Left
102,Right
103,Left
104,Left
105,Right
106,Left
107,Right
108,Right
109,Left
110,Left
111,Right
112,Left
113,Left
114,Left
115,Left
116,Right
117,Left
118,Left
119,Left
120,Right
121,Left
122,Left
123,Left
124,Left
125,Right
126,Right
127,Right
128,Left
129,Right
130,Left
131,Right
132,Left
133,Left
134,Right
135,Right
136,Right
137,Left
138,Right
139,Left
140,Right
141,Right
142,Right
143,Right
144,Left
145,Left
146,Right
147,Right
148,Right
149,Right
150,Left
151,Right
152,Right
153,Left
154,Left
155,Left
156,Left
157,Left
158,Left
159,Right
160,Left
161,Right
162,Left
163,Right
164,Left
165,Right
166,Right
167,Right
168,Left
169,Left
170,Left
171,Left
172,Left
173,Left
174,Left
175,Right
176,Right
177,Right
178,Left
179,Left
180,Left
181,Right
182,Left
183,Left
184,Right
185,Left
186,Left
187,Right
188,Right
189,Right
190,Right
191,Right
192,Left
193,Right
194,Right
195,Left
196,Left
197,Left
198,Right
199,Left
200,Right
201,Right
202,Right
203,Left
204,Left
205,Right
206,Left
207,Left
208,Left
209,Right
210,Left
211,Right
212,Left
213,Left
214,Right
215,Left
216,Right
217,Right
218,Right
219,Right
220,Right
221,Right
222,Right
223,Right
224,Right
225,Right
226,Right
227,Right
228,Right
229,Right
230,Right
231,Right
232,Right
233,Right
234,Right
235,Right
236,Left
237,Left
238,Left
239,Right
240,Right
241,Left
242,Right
243,Left
244,Left
245,Right
246,Right
247,Right
248,Right
249,Left
250,Right
251,Left
252,Right
253,Right
254,Right
255,Left
256,Left
257,Right
258,Right
259,Left
260,Left
261,Left
262,Left
263,Right
264,Left
265,Left
266,Left
267,Left
268,Right
269,Left
270,Right
271,Right
272,Left
273,Right
274,Right
275,Left
276,Left
277,Left
278,Left
279,Left
280,Right
281,Right
282,Right
283,Right
284,Right
285,Right
286,Right
287,Left
288,Left
289,Left
290,Left
291,Right
292,Right
293,Left
294,Left
295,Left
296,Left
297,Left
298,Right
299,Right
300,Right
301,Right
302,Left
303,Left
304,Left
305,Right
306,Right
307,Right
308,Left
309,Right
310,Left
311,Right
312,Left
313,Left
314,Left
315,Left
316,Left
317,Right
318,Left
319,Right
320,Left
321,Right
322,Left
323,Right
324,Left
325,Right
326,Right
327,Right
328,Left
329,Right
330,Left
331,Right
332,Left
333,Left
334,Left
335,Left
336,Left
337,Left
338,Left
339,Right
340,Right
341,Left
342,Left
343,Right
344,Right
345,Left
346,Right
347,Right
348,Right
349,Right
350,Right
351,Right
352,Right
353,Right
354,Left
355,Left
356,Right
357,Left
358,Left
359,Left
360,Left
361,Left
362,Right
363,Left
364,Left
365,Right
366,Right
367,Right
368,Right
369,Left
370,Right
371,Right
372,Left
373,Left
374,Left
375,Left
376,Left
377,Left
378,Right
379,Left
380,Left
381,Left
382,Right
383,Left
384,Left
385,Left
386,Right
387,Right
388,Right
389,Right
390,Right
391,Left
392,Left
393,Left
394,Left
395,Left
396,Right
397,Right
398,Right
399,Left
400,Right
401,Right
402,Left
403,Left
404,Left
405,Right
406,Right
407,Left
408,Left
409,Left
410,Left
411,Right
412,Left
413,Left
414,Right
415,Left
416,Left
417,Left
418,Right
419,Right
420,Left
421,Left
422,Right
423,Left
424,Right
425,Left
426,Left
427,Left
428,Right
429,Right
430,Right
431,Right
432,Right
433,Left
434,Left
435,Right
436,Left
437,Left
438,Left
439,Right
440,Left
441,Right
442,Right
443,Right
444,Left
445,Left
446,Left
447,Left
448,Right
449,Right
450,Right
451,Left
452,Right
453,Left
454,Left
455,Right
456,Right
457,Right
458,Right
459,Right
460,Right
461,Right
462,Right
463,Right
464,Right
465,Right
466,Right
467,Left
468,Left
469,Left
470,Right
471,Right
472,Right
473,Left
474,Left
475,Left
476,Right
477,Right
478,Left
479,Right
480,Left
481,Left
482,Right
483,Right
484,Left
485,Right
486,Right
487,Left
488,Left
489,Left
490,Left
491,Left
492,Left
493,Right
494,Left
495,Right
496,Left
497,Right
498,Right
499,Right
500,Left
501,Left
502,Left
503,Left
504,Left
505,Left
506,Left
507,Left
508,Left
509,Right
510,Right
511,Left
512,Right
513,Left
514,Right
515,Left
516,Right
517,Left
518,Right
519,Left
520,Left
521,Left
522,Left
523,Left
524,Left
525,Left
526,Right
527,Left
528,Left
529,Left
530,Left
531,Left
532,Left
533,Left
534,Right
535,Right
536,Right
537,Right
538,Left
539,Left
540,Left
541,Right
542,Left
543,Left
544,Left
545,Right
546,Left
547,Right
548,Right
549,Left
550,Left
551,Right
552,Left
553,Right
554,Right
555,Right
556,Left
557,Right
558,Left
559,Left
560,Left
561,Left
562,Left
563,Left
564,Right
565,Left
566,Left
567,Left
568,Right
569,Left
570,Left
571,Left
572,Left
573,Right
574,Right
575,Left
576,Left
577,Right
578,Right
579,Left
580,Right
581,Right
582,Right
583,Left
584,Right
585,Right
586,Left
587,Left
588,Right
589,Right
590,Left
591,Left
592,Left
593,Left
594,Right
595,Right
596,Left
597,Left
598,Right
599,Left
600,Left
601,Right
602,Right
603,Right
604,Left
605,Right
606,Left
607,Right
608,Right
609,Left
610,Left
611,Left
612,Right
613,Right
614,Left
615,Right
616,Left
617,Right
618,Right
619,Left
620,Right
621,Right
622,Right
623,Left
624,Right
625,Left
626,Right
627,Left
628,Right
629,Left
630,Right
631,Right
632,Right
633,Left
634,Left
635,Left
636,Left
637,Right
638,Right
639,Right
640,Left
641,Left
642,Right
643,Left
644,Right
645,Right
646,Right
647,Right
648,Left
649,Left
650,Right
651,Left
652,Left
653,Right
654,Right
655,Right
656,Right
657,Right
658,Right
659,Right
660,Left
661,Left
662,Right
663,Right
664,Left
665,Left
666,Right
667,Left
668,Left
669,Left
670,Left
671,Left
672,Left
673,Left
674,Right
675,Left
676,Right
677,Left
678,Left
679,Right
680,Right
681,Left
682,Right
683,Right
684,Left
685,Right
686,Right
687,Right
688,Right
689,Left
690,Right
691,Left
692,Left
693,Right
694,Right
695,Right
696,Right
697,Right
698,Left
699,Left
700,Right
701,Right
702,Left
703,Left
704,Left
705,Right
706,Left
707,Right
708,Right
709,Left
710,Right
711,Right
712,Left
713,Right
714,Left
715,Left
716,Right
717,Right
718,Right
719,Right
720,Left
721,Right
722,Right
723,Right
724,Left
725,Right
726,Left
727,Left
728,Left
729,Right
730,Right
731,Left
732,Left
733,Left
734,Left
735,Right
736,Left
737,Left
738,Right
739,Right
740,Right
741,Left
742,Right
743,Left
744,Right
745,Right
746,Left
747,Right
748,Left
749,Right
750,Left
751,Right
752,Left
753,Right
754,Left
755,Left
756,Right
757,Right
758,Left
759,Right
760,Right
761,Right
762,Right
763,Right
764,Left
765,Right
766,Right
767,Right
768,Left
769,Right
770,Left
771,Left
772,Left
773,Left
774,Left
775,Left
776,Left
777,Right
778,Right
779,Right
780,Left
781,Right
782,Right
783,Left
784,Right
785,Left
786,Left
787,Left
788,Left
789,Left
790,Left
791,Left
792,Left
793,Right
794,Left
795,Left
796,Right
797,Right
798,Right
799,Left
800,Right
801,Right
802,Left
803,Right
804,Right
805,Left
806,Right
807,Right
808,Left
809,Right
810,Right
811,Left
812,Left
813,Left
814,Left
815,Right
816,Right
817,Left
818,Right
819,Left
820,Right
821,Left
822,Right
823,Left
824,Right
825,Right
826,Right
827,Left
828,Right
829,Right
830,Left
831,Left
832,Left
833,Left
834,Left
835,Left
836,Right
837,Right
838,Left
839,Left
840,Left
841,Left
842,Right
843,Right
844,Left
845,Left
846,Left
847,Left
848,Left
849,Left
850,Right
851,Right
852,Right
853,Right
854,Right
855,Left
856,Left
857,Right
858,Right
860,Left
861,Left
862,Left
863,Right
864,Left
865,Right
866,Left
867,Left
868,Right
869,Right
870,Right
871,Left
873,Right
874,Left
875,Right
876,Left
877,Left
878,Left
879,Right
880,Left
881,Left
882,Left
883,Left
884,Left
885,Right
886,Left
887,Left
888,Right
889,Right
890,Right
891,Left
892,Right
893,Right
894,Left
895,Left
896,Left
897,Left
898,Left
899,Right
900,Left
901,Left
902,Left
903,Right
904,Left
905,Right
906,Right
907,Right
908,Right
909,Right
910,Right
911,Left
912,Left
913,Left
914,Right
915,Left
916,Left
917,Left
918,Right
919,Right
920,Right
921,Right
922,Right
923,Right
924,Right
925,Left
926,Right
927,Right
928,Left
929,Right
930,Right
931,Left
932,Left
933,Left
934,Right
935,Left
936,Left
937,Right
938,Left
939,Right
940,Left
941,Right
942,Right
943,Right
944,Left
945,Left
946,Right
947,Left
948,Right
949,Left
950,Left
951,Left
952,Left
953,Left
954,Left
955,Right
956,Left
957,Right
958,Left
959,Right
960,Left
961,Right
962,Left
963,Right
964,Left
965,Right
966,Left
967,Right
968,Right
969,Left
970,Left
971,Right
972,Right
973,Right
974,Right
975,Left
976,Left
977,Left
978,Left
979,Right
980,Left
981,Left
982,Left
983,Right
984,Right
985,Right
986,Right
987,Right
988,Left
989,Left
990,Left
991,Left
992,Right
993,Right
994,Right
995,Left
996,Right
997,Left
998,Right
999,Right
1000,Right
1001,Right
1002,Left
1003,Left
1004,Right
1005,Right
1006,Right
1007,Right
1008,Left
1009,Right
1010,Right
1011,Right
1012,Right
1013,Right
1014,Left
1015,Left
1016,Right
1017,Right
1018,Left
1019,Left
1020,Left
1021,Right
1022,Right
1023,Left
1024,Right
1025,Right
1026,Left
1027,Right
1028,Left
1029,Left
1030,Left
1031,Left
1032,Left
1033,Left
1034,Right
1035,Left
1036,Right
1037,Left
1038,Left
1039,Right
1040,Right
1041,Right
1042,Left
1043,Left
1044,Right
1045,Left
1046,Left
1047,Right
1048,Right
1049,Right
1050,Right
1051,Left
1052,Right
1053,Left
1054,Left
1055,Left
1056,Left
1057,Right
1058,Left
1059,Left
1060,Right
1061,Right
1062,Left
1063,Right
1064,Left
1065,Left
1066,Left
1067,Left
1068,Left
1069,Right
1070,Left
1071,Left
1072,Right
1073,Right
1074,Left
1075,Right
1076,Right
1077,Right
1078,Left
1079,Right
1080,Right
1081,Right
1082,Right
1083,Right
1084,Right
1085,Right
1086,Left
1087,Left
1088,Left
1089,Left
1090,Right
1091,Right
1092,Right
1093,Left
1094,Right
1095,Right
1096,Right
1097,Left
1098,Left
1099,Right
1100,Right
1101,Left
1102,Right
1103,Left
1104,Left
1105,Left
1106,Right
1107,Right
1108,Left
1109,Left
1110,Right
1111,Right
1112,Left
1113,Right
1114,Right
1115,Right
1116,Right
1117,Right
1118,Right
1119,Right
1120,Right
1121,Left
1122,Right
1123,Right
1124,Right
1125,Right
1126,Right
1127,Right
1128,Left
1129,Left
1130,Right
1131,Left
1132,Right
1133,Right
1134,Left
1135,Left
1136,Right
1137,Right
1138,Right
1139,Left
1140,Right
1141,Right
1142,Right
1143,Left
1144,Right
1145,Right
1146,Left
1147,Left
1148,Right
1149,Right
1150,Left
1151,Left
1152,Left
1153,Right
1154,Left
1155,Left
1156,Left
1157,Left
1158,Right
1159,Left
1160,Left
1161,Left
1162,Right
1163,Right
1164,Left
1165,Right
1166,Right
1167,Left
1168,Left
1169,Left
1170,Right
1171,Right
1172,Right
1173,Right
1174,Left
1175,Left
1176,Right
1177,Right
1178,Left
1179,Right
1180,Left
1181,Right
1182,Left
1183,Right
1184,Left
1185,Left
1186,Right
1187,Right
1188,Right
1189,Left
1190,Left
1191,Left
1192,Right
1193,Right
1194,Left
1195,Right
1196,Right
1197,Left
1198,Right
1199,Left
1200,Left
1201,Left
1202,Left
1203,Right
1204,Right
1205,Right
1206,Right
1207,Right
1208,Left
1209,Right
1210,Left
1211,Right
1212,Left
1213,Right
1214,Right
1215,Right
1216,Right
1217,Right
1218,Right
1219,Left
1220,Right
1221,Right
1222,Right
1223,Right
1224,Left
1225,Right
1226,Right
1227,Right
1228,Right
1229,Right
1230,Right
1231,Right
1232,Left
1233,Right
1234,Left
1235,Right
1236,Right
1237,Left
1238,Right
1239,Right
1240,Left
1241,Right
1242,Left
1243,Right
1244,Left
1245,Right
1246,Left
1247,Right
1248,Right
1249,Right
1250,Right
1251,Left
1252,Right
1253,Left
1254,Right
1255,Right
1256,Right
1257,Right
1258,Right
1259,Right
1260,Right
1261,Right
1262,Right
1263,Left
1264,Right
1265,Right
1266,Left
1267,Right
1268,Right
1269,Left
1270,Right
1271,Right
1272,Left
1273,Left
1274,Left
1275,Right
1276,Right
1277,Left
1278,Left
1279,Left
1280,Left
1281,Left
1282,Right
1283,Left
1284,Right
1285,Left
1286,Left
1287,Left
1288,Left
1289,Left
1290,Right
1291,Left
1292,Left
1293,Right
1294,Left
1295,Left
1296,Left
1297,Right
1298,Left
1299,Right
1300,Left
1301,Right
1302,Left
1303,Left
1304,Left
1305,Left
1306,Right
1307,Left
1308,Right
1309,Right
1310,Right
1311,Left
1312,Left
1313,Left
1314,Right
1315,Right
1316,Left
1317,Right
1318,Left
1319,Left
1320,Right
1321,Left
1322,Right
1323,Right
1324,Left
1325,Left
1326,Left
1327,Left
1328,Left
1329,Right
1330,Left
1331,Left
1332,Left
1333,Right
1334,Right
1335,Left
1336,Left
1337,Right
1338,Right
1339,Left
1340,Right
1341,Right
1342,Left
1343,Right
1344,Left
1345,Left
1346,Right
1347,Left
1348,Left
1349,Left
1350,Left
1351,Right
1352,Right
1353,Right
1354,Right
1355,Right
1356,Right
1357,Right
1358,Right
1359,Left
1360,Left
1361,Right
1362,Left
1363,Right
1364,Left
1365,Right
1366,Right
1367,Right
1368,Right
1369,Right
1370,Left
1371,Right
1372,Right
1373,Right
1374,Left
1375,Right
1376,Left
1377,Right
1378,Right
1379,Right
1380,Right
1381,Right
1382,Left
1383,Right
1384,Right
1385,Left
1386,Right
1387,Right
1388,Right
1389,Left
1390,Left
1391,Right
1392,Right
1393,Right
1394,Left
1395,Right
1396,Right
1397,Right
1398,Left
1399,Left
1400,Right
1401,Left
1402,Right
1403,Left
1404,Left
1405,Right
1406,Left
1407,Left
1408,Right
1409,Right
1410,Left
1411,Left
1412,Left
1413,Left
1414,Right
1415,Right
1416,Right
1417,Right
1418,Left
1419,Left
1420,Right
1421,Right
1422,Left
1423,Right
1424,Left
1425,Right
1426,Left
1427,Right
1428,Left
1429,Left
1430,Left
1431,Left
1432,Left
1433,Right
1434,Left
1435,Right
1436,Left
1437,Left
1438,Left
1439,Right
1440,Right
1441,Right
1442,Left
1443,Right
1444,Left
1445,Right
1446,Right
1447,Left
1448,Right
1449,Left
1450,Left
1451,Left
1452,Right
1453,Right
1454,Right
1455,Left
1456,Left
1457,Right
1458,Right
1459,Right
1460,Right
1461,Right
1462,Right
1463,Right
1464,Right
1465,Right
1466,Right
1467,Left
1468,Left
1469,Right
1470,Left
1471,Right
1472,Left
1473,Right
1474,Left
1475,Right
1476,Left
1477,Left
1478,Right
1479,Left
1480,Right
1481,Right
1482,Right
1483,Right
1484,Left
1485,Right
1486,Right
1487,Left
1488,Right
1489,Left
1490,Right
1491,Left
1492,Right
1493,Right
1494,Left
1495,Left
1496,Left
1497,Left
1498,Left
1499,Left
1500,Right
1501,Right
1502,Left
1503,Left
1504,Left
1505,Right
1506,Left
1507,Right
1508,Right
1509,Right
1510,Right
1511,Left
1512,Left
1513,Right
1514,Right
1515,Right
1516,Left
1517,Left
1518,Right
1519,Right
1520,Right
1521,Left
1522,Left
1523,Right
1524,Left
1525,Right
1526,Left
1527,Right
1528,Left
1529,Left
1530,Left
1531,Left
1532,Right
1533,Left
1534,Right
1535,Left
1536,Right
1537,Left
1538,Right
1539,Left
1540,Right
1541,Right
1542,Left
1543,Right
1544,Left
1545,Left
1546,Right
1547,Left
1548,Right
1549,Right
1550,Left
1551,Left
1552,Left
1553,Right
1554,Right
1555,Left
1556,Left
1557,Left
1558,Left
1559,Right
1560,Right
1561,Right
1562,Left
1563,Right
1564,Left
1565,Right
1566,Left
1567,Left
1568,Left
1569,Left
1570,Left
1571,Right
1572,Right
1573,Left
1574,Right
1575,Left
1576,Left
1577,Right
1578,Right
1579,Left
1580,Right
1581,Left
1582,Right
1583,Left
1584,Left
1585,Left
1586,Right
1587,Left
1588,Right
1589,Left
1590,Right
1591,Left
1592,Right
1593,Left
1594,Left
1595,Left
1596,Left
1597,Left
1598,Right
1599,Left
1600,Left
1601,Left
1602,Right
1603,Right
1604,Right
1605,Left
1606,Right
1607,Left
1608,Right
1609,Left
1610,Left
1611,Right
1612,Right
1613,Left
1614,Left
1615,Right
1616,Left
1617,Right
1618,Right
1619,Right
1620,Left
1621,Right
1622,Left
1623,Right
1624,Right
1625,Left
1626,Left
1627,Right
1628,Left
1629,Left
1630,Left
1631,Left
1632,Left
1633,Left
1634,Right
1635,Left
1636,Left
1637,Right
1638,Right
1639,Right
1640,Left
1641,Left
1642,Left
1643,Right
1644,Left
1645,Right
1646,Left
1647,Left
1648,Left
1649,Left
1650,Right
1651,Right
1652,Left
1653,Left
1654,Left
1655,Left
1656,Left
1657,Left
1658,Right
1659,Right
1660,Left
1661,Left
1662,Right
1663,Left
1664,Left
1665,Left
1666,Left
1667,Right
1668,Right
1669,Right
1670,Left
1671,Left
1672,Right
1673,Left
1674,Left
1675,Left
1676,Right
1677,Left
1678,Right
1679,Right
1680,Right
1681,Right
1682,Right
1683,Right
1684,Left
1685,Right
1686,Left
1687,Right
1688,Right
1689,Right
1690,Left
1691,Right
1692,Right
1693,Left
1694,Right
1695,Left
1696,Right
1697,Right
1698,Right
1699,Left
1700,Left
1701,Left
1702,Left
1703,Right
1704,Right
1705,Left
1706,Left
1707,Right
1708,Right
1709,Left
1710,Right
1711,Right
1712,Right
1713,Left
1714,Right
1715,Right
1716,Right
1717,Right
1718,Left
1719,Left
1720,Right
1721,Right
1722,Left
1723,Right
1724,Left
1725,Left
1726,Left
1727,Right
1728,Left
1729,Right
1730,Left
1731,Right
1732,Left
1733,Right
1734,Left
1735,Right
1736,Left
1737,Left
1738,Left
1739,Right
1740,Left
1741,Right
1742,Left
1743,Left
1744,Left
1745,Left
1746,Right
1747,Left
1748,Right
1749,Left
1750,Left
1751,Right
1752,Left
1753,Left
1754,Right
1755,Left
1756,Right
1757,Left
1758,Right
1759,Left
1760,Right
1761,Left
1762,Left
1763,Right
1764,Left
1765,Right
1766,Left
1767,Right
1768,Left
1769,Left
1770,Right
1771,Left
1772,Right
1773,Left
1774,Right
1775,Left
1776,Left
1777,Left
1778,Left
1779,Left
1780,Right
1781,Right
1782,Left
1783,Right
1784,Left
1785,Right
1786,Left
1787,Left
1788,Right
1789,Right
1790,Right
1791,Left
1792,Left
1793,Right
1794,Right
1795,Left
1796,Left
1797,Right
1798,Left
1799,Left
1800,Right
1801,Left
1802,Right
1803,Right
1804,Right
1805,Left
1806,Right
1807,Right
1808,Left
1809,Right
1810,Left
1811,Right
1812,Left
1813,Right
1814,Left
1815,Right
1816,Left
1817,Left
1818,Left
1819,Right
1820,Left
1821,Right
1822,Right
1823,Left
1824,Right
1825,Right
1826,Right
1827,Left
1828,Left
1829,Left
1830,Left
1831,Left
1832,Right
1833,Left
1834,Right
1835,Right
1836,Right
1837,Left
1838,Right
1839,Left
1840,Right
1841,Left
1842,Right
1843,Left
1844,Left
1845,Left
1846,Left
1847,Left
1848,Left
1849,Left
1850,Right
1851,Left
1852,Right
1853,Right
1854,Right
1855,Right
1856,Left
1857,Left
1858,Right
1859,Right
1860,Right
1861,Left
1862,Left
1863,Left
1864,Right
1865,Left
1866,Left
1867,Left
1868,Left
1869,Left
1870,Right
1871,Right
1872,Left
1873,Left
1874,Right
1875,Right
1876,Left
1877,Left
1878,Left
1879,Left
1880,Right
1881,Left
1882,Left
1883,Left
1884,Right
1885,Left
1886,Left
1887,Left
1888,Left
1889,Right
1890,Left
1891,Right
1892,Right
1893,Right
1894,Right
1895,Right
1896,Left
1897,Left
1898,Right
1899,Right
1900,Left
1901,Right
1902,Right
1903,Right
1904,Right
1905,Right
1906,Right
1907,Right
1908,Right
1909,Left
1910,Left
1911,Left
1912,Right
1913,Right
1914,Right
1915,Left
1916,Left
1917,Right
1918,Left
1919,Right
1920,Left
1921,Right
1922,Left
1923,Left
1924,Left
1925,Left
1926,Right
1927,Right
1928,Left
1929,Left
1930,Left
1931,Right
1932,Right
1933,Left
1934,Right
1935,Left
1936,Right
1937,Left
1938,Right
1939,Right
1940,Left
1941,Right
1942,Left
1943,Left
1944,Left
1945,Left
1946,Left
1947,Right
1948,Right
1949,Left
1950,Right
1951,Left
1952,Right
1953,Right
1954,Right
1955,Left
1956,Left
1957,Left
1958,Right
1959,Left
1960,Right
1961,Left
1962,Right
1963,Right
1964,Left
1965,Right
1966,Right
1967,Left
1968,Right
1969,Right
1970,Left
1971,Right
1972,Right
1973,Left
1974,Right
1975,Left
1976,Right
1977,Left
1978,Left
1979,Left
1980,Left
1981,Right
1982,Left
1983,Right
1984,Left
1985,Left
1986,Left
1987,Right
1988,Right
1989,Left
1990,Right
1991,Left
1992,Left
1993,Right
1994,Left
1995,Left
1996,Right
1997,Left
1998,Right
1999,Left
2000,Right
2001,Left
2002,Right
2003,Right
2004,Right
2005,Right
2006,Right
2007,Left
2008,Right
2009,Right
2010,Right
2011,Left
2012,Right
2013,Right
2014,Right
2015,Right
2016,Right
2017,Right
2018,Right
2019,Right
2020,Right
2021,Left
2022,Right
2023,Right
2024,Left
2025,Right
2026,Left
2027,Left
2028,Right
2029,Right
2030,Left
2031,Right
2032,Left
2033,Left
2034,Left
2035,Right
2036,Right
2037,Right
2038,Left
2039,Left
2040,Left
2041,Right
2042,Left
2043,Left
2044,Right
2045,Left
2046,Left
2047,Left
2048,Left
2049,Right
2050,Right
2051,Left
2052,Right
2053,Left
2054,Left
2055,Left
2056,Left
2057,Left
2058,Right
2059,Left
2060,Right
2061,Right
2062,Right
2063,Left
2064,Right
2065,Right
2066,Right
2067,Left
2068,Left
2069,Left
2070,Right
2071,Left
2072,Right
2073,Right
2074,Right
2075,Left
2076,Left
2077,Right
2078,Left
2079,Left
2080,Left
2081,Left
2082,Right
2083,Left
2084,Right
2085,Left
2086,Left
2087,Right
2088,Right
2089,Right
2090,Left
2091,Left
2092,Right
2093,Right
2094,Right
2095,Left
2096,Right
2097,Right
2098,Right
2099,Right
2100,Right
2101,Right
2102,Right
2103,Right
2104,Right
2105,Right
2106,Right
2107,Right
2108,Right
2109,Left
2110,Right
2111,Right
2112,Left
2113,Left
2114,Right
2115,Right
2116,Left
2117,Right
2118,Left
2119,Left
2120,Left
2121,Left
2122,Left
2123,Left
2124,Right
2125,Right
2126,Left
2127,Left
2128,Left
2129,Right
2130,Right
2131,Right
2132,Left
2133,Left
2134,Right
2135,Left
2136,Left
2137,Right
2138,Right
2139,Right
2140,Right
2141,Left
2142,Left
2143,Right
2144,Left
2145,Left
2146,Right
2147,Right
2148,Right
2149,Left
2150,Right
2151,Left
2152,Left
2153,Right
2154,Right
2155,Right
2156,Right
2157,Right
2158,Right
2159,Right
2160,Left
2161,Right
2162,Left
2163,Right
2164,Right
2165,Left
2166,Right
2167,Left
2168,Left
2169,Left
2170,Right
2171,Right
2172,Right
2173,Left
2174,Right
2175,Right
2176,Left
2177,Left
2178,Right
2179,Right
2180,Left
2181,Left
2182,Right
2183,Right
2184,Right
2185,Left
2186,Left
2187,Right
2188,Left
2189,Right
2190,Right
2191,Left
2192,Right
2193,Right
2194,Right
2195,Left
2196,Right
2197,Left
2198,Right
2199,Right
2200,Right
2201,Right
2202,Left
2203,Right
2204,Right
2205,Right
2206,Left
2207,Right
2208,Right
2209,Right
2210,Right
2211,Right
2212,Right
2213,Left
2214,Right
2215,Left
2216,Right
2217,Right
2218,Right
2219,Right
2220,Right
2221,Right
2222,Right
2223,Right
2224,Right
2225,Left
2226,Right
2227,Right
2228,Left
2229,Right
2230,Left
2231,Right
2232,Right
2233,Left
2234,Right
2235,Right
2236,Left
2237,Right
2238,Right
2239,Left
2240,Left
2241,Right
2242,Right
2243,Left
2244,Right
2245,Left
2246,Right
2247,Right
2248,Right
2249,Right
2250,Right
2251,Left
2252,Right
2253,Right
2254,Left
2255,Left
2256,Left
2257,Left
2258,Left
2259,Right
2260,Left
2261,Right
2262,Right
2263,Left
2264,Left
2265,Right
2266,Right
2267,Right
2268,Left
2269,Left
2270,Left
2271,Right
2272,Left
2273,Right
2274,Right
2275,Right
2276,Left
2277,Left
2278,Right
2279,Left
2280,Left
2281,Left
2282,Left
2283,Left
2284,Right
2285,Left
2286,Left
2287,Right
2288,Right
2289,Left
2290,Left
2291,Left
2292,Right
2293,Right
2294,Left
2295,Right
2296,Left
2297,Right
2298,Right
2299,Right
2300,Right
2301,Right
2302,Right
2303,Right
2304,Right
2305,Right
2306,Right
2307,Right
2308,Right
2309,Left
2310,Right
2311,Left
2312,Left
2313,Left
2314,Right
2315,Left
2316,Right
2317,Right
2318,Left
2319,Right
2320,Right
2321,Right
2322,Right
2323,Left
2324,Right
2325,Left
2326,Right
2327,Right
2328,Right
2329,Left
2330,Right
2331,Right
2332,Left
2333,Right
2334,Left
2335,Left
2336,Left
2337,Left
2338,Left
2339,Left
2340,Right
2341,Right
2342,Right
2343,Left
2344,Left
2345,Right
2346,Left
2347,Left
2348,Right
2349,Left
2350,Right
2351,Right
2352,Right
2353,Right
2354,Right
2355,Right
2356,Left
2357,Left
2358,Right
2359,Right
2360,Right
2361,Left
2362,Right
2363,Left
2364,Left
2365,Right
2366,Right
2367,Left
2368,Right
2369,Left
2370,Right
2371,Left
2372,Left
2373,Left
2374,Right
2375,Left
2376,Right
2377,Left
2378,Right
2379,Left
2380,Left
2381,Right
2382,Right
2383,Right
2384,Left
2385,Right
2386,Right
2387,Right
2388,Right
2389,Right
2390,Left
2391,Right
2392,Right
2393,Right
2394,Left
2395,Right
2396,Right
2397,Right
2398,Left
2401,Forward
2402,Left
2403,Backward
2404,Left
2405,Left
2406,Backward
2407,Backward
2408,Forward
2409,Left
2410,Left
2411,Left
2412,Backward
2413,Left
2414,Forward
2415,Forward
2416,Left
2417,Left
2418,Backward
2419,Backward
2420,Left
2421,Right
2422,Right
2423,Backward
2424,Left
2425,Right
2426,Left
2427,Right
2428,Forward
2429,Right
2430,Right
2431,Backward
2432,Left
2433,Backward
2434,Right
2435,Backward
2436,Backward
2437,Backward
2438,Forward
2439,Backward
2440,Left
2441,Backward
2442,Left
2443,Right
2444,Backward
2445,Right
2446,Right
2447,Backward
2448,Left
2449,Backward
2450,Left
2451,Backward
2452,Right
2453,Right
2454,Right
2455,Backward
2456,Forward
2457,Backward
2458,Right
2459,Left
2460,Right
2461,Right
2462,Left
2463,Right
2464,Right
2465,Backward
2466,Left
2467,Left
2468,Right
2469,Right
2470,Forward
2471,Backward
2472,Backward
2473,Right
2474,Right
2475,Backward
2476,Forward
2477,Left
2478,Forward
2479,Right
2480,Left
2481,Right
2482,Right
2483,Backward
2484,Left
2485,Left
2486,Right
2487,Backward
2488,Backward
2489,Left
2490,Right
2491,Left
2492,Left
2493,Left
2494,Forward
2495,Right
2496,Backward
2497,Backward
2498,Backward
2499,Backward
2500,Forward
2501,Backward
2502,Right
2503,Forward
2504,Right
2505,Right
2506,Right
2507,Left
2508,Forward
2509,Right
2510,Left
2511,Forward
2512,Backward
2513,Right
2514,Forward
2515,Backward
2516,Right
2517,Right
2518,Left
2519,Backward
2520,Forward
2521,Right
2522,Left
2523,Backward
2524,Right
2525,Left
2526,Right
2527,Left
2528,Backward
2529,Backward
2530,Forward
2531,Backward
2532,Right
2533,Right
2534,Left
2535,Backward
2536,Forward
2537,Right
2538,Left
2539,Forward
2540,Left
2541,Right
2542,Forward
2543,Right
2544,Right
2545,Forward
2546,Right
2547,Right
2548,Right
2549,Left
2550,Forward
2551,Forward
2552,Forward
2553,Right
2554,Right
2555,Left
2556,Forward
2557,Left
2558,Left
2559,Left
2560,Left
2561,Backward
2562,Left
2563,Left
2564,Forward
2565,Backward
2566,Left
2567,Left
2568,Left
2569,Backward
2570,Left
2571,Right
2572,Forward
2573,Right
2574,Backward
2575,Forward
2576,Right
2577,Backward
2578,Forward
2579,Left
2580,Right
2581,Right
2582,Forward
2583,Left
2584,Right
2585,Left
2586,Right
2587,Left
2588,Right
2589,Right
2590,Left
2591,Right
2592,Left
2593,Forward
2594,Right
2595,Backward
2596,Backward
2597,Right
2598,Backward
2599,Right
2600,Forward
2601,Right
2602,Left
2603,Backward
2604,Left
2605,Right
2606,Backward
2607,Right
2608,Backward
2609,Forward
2610,Left
2611,Left
2612,Right
2613,Backward
2614,Forward
2615,Left
2616,Backward
2617,Forward
2618,Backward
2619,Left
2620,Forward
2621,Right
2622,Backward
2623,Backward
2624,Left
2625,Forward
2626,Backward
2627,Forward
2628,Right
2629,Backward
2630,Right
2631,Left
2632,Right
2633,Right
2634,Backward
2635,Left
2636,Forward
2637,Forward
2638,Left
2639,Forward
2640,Right
2641,Backward
2642,Right
2643,Backward
2644,Left
2645,Right
2646,Right
2647,Left
2648,Backward
2649,Left
2650,Backward
2651,Backward
2652,Left
2653,Backward
2654,Backward
2655,Backward
2656,Right
2657,Backward
2658,Backward
2659,Backward
2660,Left
2661,Backward
2662,Left
2663,Left
2664,Left
2665,Right
2666,Right
2667,Forward
2668,Right
2669,Backward
2670,Left
2671,Backward
2672,Forward
2673,Right
2674,Right
2675,Backward
2676,Right
2677,Backward
2678,Backward
2679,Forward
2680,Right
2681,Right
2682,Backward
2683,Left
2684,Right
2685,Left
2686,Forward
2687,Right
2688,Backward
2689,Right
2690,Forward
2691,Left
2692,Left
2693,Right
2694,Backward
2695,Right
2696,Backward
2697,Right
2698,Backward
2699,Backward
2700,Backward
2701,Backward
2702,Backward
2703,Forward
2704,Forward
2705,Backward
2706,Left
2707,Right
2708,Left
2709,Left
2710,Left
2711,Right
2712,Left
2713,Forward
2714,Backward
2715,Right
2716,Left
2717,Backward
2718,Left
2719,Forward
2720,Right
2721,Right
2722,Backward
2723,Right
2724,Right
2725,Forward
2726,Left
2727,Right
2728,Left
2729,Backward
2730,Left
2731,Left
2732,Forward
2733,Right
2734,Right
2735,Forward
2736,Backward
2737,Left
2738,Backward
2739,Left
2740,Backward
2741,Right
2742,Forward
2743,Backward
2744,Right
2745,Forward
2746,Right
2747,Left
2748,Right
2749,Left
2750,Right
2751,Backward
2752,Forward
2753,Forward
2754,Forward
2755,Forward
2756,Right
2757,Backward
2758,Forward
2759,Right
2760,Right
2761,Right
2762,Backward
2763,Left
2764,Right
2765,Forward
2766,Left
2767,Right
2768,Right
2769,Right
2770,Backward
2771,Left
2772,Forward
2773,Backward
2774,Right
2775,Left
2776,Left
2777,Forward
2778,Backward
2779,Backward
2780,Left
2781,Right
2782,Backward
2783,Forward
2784,Right
2785,Left
2786,Right
2787,Forward
2788,Left
2789,Right
2790,Forward
2791,Forward
2792,Left
2793,Right
2794,Forward
2795,Forward
2796,Forward
2797,Right
2798,Forward
2799,Backward
2800,Left
2801,Left
2802,Right
2803,Backward
2804,Right
2805,Right
2806,Forward
2807,Right
2808,Right
2809,Left
2810,Forward
2811,Backward
2812,Right
2813,Backward
2814,Backward
2815,Right
2816,Forward
2817,Right
2818,Left
2819,Right
2820,Forward
2821,Forward
2822,Right
2823,Backward
2824,Left
2825,Backward
2826,Left
2827,Right
2828,Backward
2829,Right
2830,Forward
2831,Backward
2832,Left
2833,Backward
2834,Forward
2835,Forward
2836,Left
2837,Left
2838,Right
2839,Right
2840,Left
2841,Forward
2842,Right
2843,Forward
2844,Backward
2845,Right
2846,Right
2847,Right
2848,Backward
2849,Right
2850,Backward
2851,Left
2852,Left
2853,Forward
2854,Left
2855,Right
2856,Forward
2857,Backward
2858,Backward
2859,Right
2860,Backward
2861,Left
2862,Right
2863,Backward
2864,Forward
2865,Backward
2866,Backward
2867,Backward
2868,Right
2869,Backward
2870,Backward
2871,Backward
2872,Forward
2873,Forward
2874,Backward
2875,Left
2876,Forward
2877,Right
2878,Forward
2879,Forward
2880,Forward
2881,Right
2882,Left
2883,Backward
2884,Right
2885,Forward
2886,Backward
2887,Right
2888,Right
2889,Right
2890,Backward
2891,Right
2892,Forward
2893,Left
2894,Forward
2895,Forward
2896,Right
2897,Left
2898,Left
2899,Right
2900,Left
2901,Forward
2902,Backward
2903,Forward
2904,Left
2905,Forward
2906,Left
2907,Backward
2908,Backward
2909,Right
2910,Left
2911,Backward
2912,Right
2913,Left
2914,Forward
2915,Forward
2916,Left
2917,Backward
2918,Forward
2919,Left
2920,Right
2921,Right
2922,Backward
2923,Right
2924,Forward
2925,Right
2926,Backward
2927,Forward
2928,Backward
2929,Forward
2930,Forward
2931,Backward
2932,Right
2933,Forward
2934,Left
2935,Forward
2936,Left
2937,Backward
2938,Backward
2939,Backward
2940,Forward
2941,Left
2942,Backward
2943,Backward
2944,Left
2945,Left
2946,Right
2947,Right
2948,Right
2949,Forward
2950,Forward
2951,Forward
2952,Backward
2953,Forward
2954,Backward
2955,Backward
2956,Backward
2957,Forward
2958,Forward
2959,Left
2960,Left
2961,Left
2962,Right
2963,Forward
2964,Left
2965,Left
2966,Right
2967,Backward
2968,Backward
2969,Forward
2970,Forward
2971,Left
2972,Right
2973,Left
2974,Forward
2975,Forward
2976,Backward
2977,Backward
2978,Forward
2979,Forward
2980,Right
2981,Right
2982,Right
2983,Right
2984,Backward
2985,Left
2986,Left
2987,Backward
2988,Backward
2989,Left
2990,Forward
2991,Backward
2992,Forward
2993,Right
2994,Right
2995,Right
2996,Backward
2997,Forward
2998,Forward
2999,Right
3000,Backward
3001,Left
3002,Left
3003,Forward
3004,Forward
3005,Backward
3006,Forward
3007,Backward
3008,Forward
3009,Left
3010,Left
3011,Backward
3012,Forward
3013,Forward
3014,Left
3015,Forward
3016,Backward
3017,Forward
3018,Forward
3019,Forward
3020,Forward
3021,Right
3022,Backward
3023,Backward
3024,Left
3025,Right
3026,Backward
3027,Backward
3028,Backward
3029,Right
3030,Backward
3031,Right
3032,Left
3033,Left
3034,Backward
3035,Backward
3036,Left
3037,Backward
3038,Left
3039,Left
3040,Left
3041,Right
3042,Right
3043,Forward
3044,Forward
3045,Left
3046,Left
3047,Backward
3048,Forward
3049,Forward
3050,Right
3051,Backward
3052,Right
3053,Right
3054,Forward
3055,Right
3056,Right
3057,Right
3058,Right
3059,Right
3060,Right
3061,Backward
3062,Left
3063,Forward
3064,Forward
3065,Backward
3066,Left
3067,Forward
3068,Forward
3069,Backward
3070,Left
3071,Left
3072,Left
3073,Right
3074,Backward
3075,Right
3076,Forward
3077,Left
3078,Left
3079,Right
3080,Forward
3081,Right
3082,Forward
3083,Backward
3084,Backward
3085,Backward
3086,Forward
3087,Forward
3088,Forward
3089,Right
3090,Forward
3091,Forward
3092,Left
3093,Forward
3094,Left
3095,Left
3096,Left
3097,Forward
3098,Left
3099,Backward
3100,Left
3101,Backward
3102,Backward
3103,Left
3104,Backward
3105,Forward
3106,Left
3107,Backward
3108,Forward
3109,Backward
3110,Right
3111,Forward
3112,Forward
3113,Forward
3114,Left
3115,Backward
3116,Backward
3117,Left
3118,Left
3119,Right
3120,Backward
3121,Forward
3122,Left
3123,Forward
3124,Backward
3125,Forward
3126,Left
3127,Left
3128,Left
3129,Backward
3130,Backward
3131,Backward
3132,Backward
3133,Left
3134,Forward
3135,Left
3136,Backward
3137,Left
3138,Left
3139,Forward
3140,Backward
3141,Forward
3142,Backward
3143,Forward
3144,Forward
3145,Forward
3146,Right
3147,Left
3148,Forward
3149,Backward
3150,Forward
3151,Left
3152,Backward
3153,Right
3154,Backward
3155,Backward
3156,Backward
3157,Backward
3158,Forward
3159,Right
3160,Backward
3161,Backward
3162,Left
3163,Right
3164,Backward
3165,Backward
3166,Right
3167,Left
3168,Backward
3169,Left
3170,Right
3171,Backward
3172,Right
3173,Left
3174,Forward
3175,Right
3176,Forward
3177,Left
3178,Backward
3179,Left
3180,Left
3181,Backward
3182,Left
3183,Right
3184,Backward
3185,Backward
3186,Backward
3187,Backward
3188,Forward
3189,Forward
3190,Left
3191,Backward
3192,Right
3193,Backward
3194,Backward
3195,Right
3196,Left
3197,Right
3200,Backward
3201,Left
3202,Right
3203,Forward
3204,Right
3205,Left
3206,Left
3207,Forward
3208,Left
3209,Left
3210,Backward
3211,Backward
3212,Backward
3213,Backward
3214,Left
3215,Right
3216,Left
3217,Forward
3218,Forward
3219,Right
3220,Right
3221,Backward
3222,Backward
3223,Forward
3224,Left
3225,Backward
3226,Left
3227,Right
3228,Backward
3229,Left
3230,Right
3231,Right
3232,Forward
3233,Left
3234,Forward
3235,Right
3236,Left
3237,Backward
3238,Forward
3239,Backward
3240,Left
3241,Backward
3242,Backward
3243,Backward
3244,Left
3245,Backward
3246,Left
3247,Forward
3248,Right
3249,Forward
3250,Backward
3251,Left
3252,Left
3253,Left
3254,Right
3255,Right
3256,Left
3257,Right
3258,Right
3259,Left
3260,Left
3261,Backward
3262,Backward
3263,Backward
3264,Forward
3265,Backward
3266,Backward
3267,Left
3268,Left
3269,Backward
3270,Right
3271,Forward
3272,Right
3273,Backward
3274,Backward
3275,Forward
3276,Right
3277,Backward
3278,Left
3279,Forward
3280,Right
3281,Backward
3282,Right
3283,Forward
3284,Right
3285,Forward
3286,Right
3287,Right
3288,Right
3289,Right
3290,Right
3291,Left
3292,Backward
3293,Backward
3294,Right
3295,Right
3296,Left
3297,Forward
3298,Backward
3299,Backward
3300,Backward
3301,Forward
3302,Backward
3303,Backward
3304,Forward
3305,Left
3306,Left
3307,Right
3308,Backward
3309,Backward
3310,Left
3311,Backward
3312,Right
3313,Left
3314,Left
3315,Forward
3316,Right
3317,Left
3318,Right
3319,Forward
3320,Left
3321,Left
3322,Left
3323,Backward
3324,Backward
3325,Left
3326,Left
3327,Backward
3328,Right
3329,Right
3330,Backward
3331,Left
3332,Forward
3333,Forward
3334,Forward
3335,Forward
3336,Right
3337,Left
3338,Right
3339,Backward
3340,Right
3341,Left
3342,Right
3343,Right
3344,Left
3345,Backward
3346,Right
3347,Left
3348,Left
3349,Left
3350,Right
3351,Left
3352,Forward
3353,Right
3354,Forward
3355,Right
3356,Left
3357,Forward
3358,Left
3359,Left
3360,Forward
3361,Forward
3362,Forward
3363,Forward
3364,Left
3365,Left
3366,Backward
3367,Left
3368,Backward
3369,Right
3370,Forward
3371,Forward
3372,Left
3373,Backward
3374,Backward
3375,Forward
3376,Left
3377,Right
3378,Forward
3379,Backward
3380,Backward
3381,Forward
3382,Backward
3383,Left
3384,Backward
3385,Left
3386,Backward
3387,Right
3388,Right
3389,Backward
3390,Backward
3391,Left
3392,Backward
3393,Left
3394,Backward
3395,Left
3396,Backward
3397,Right
3398,Left
3399,Right
3400,Backward
3401,Backward
3402,Forward
3403,Right
3404,Forward
3405,Forward
3406,Forward
3407,Left
3408,Forward
3409,Forward
3410,Forward
3411,Left
3412,Right
3413,Backward
3414,Right
3415,Right
3416,Right
3417,Right
3418,Backward
3419,Forward
3420,Forward
3421,Left
3422,Right
3423,Left
3424,Right
3425,Backward
3426,Right
3427,Right
3428,Left
3429,Forward
3430,Left
3431,Right
3432,Right
3433,Right
3434,Forward
3435,Right
3436,Forward
3437,Forward
3438,Backward
3439,Backward
3440,Right
3441,Right
3442,Right
3443,Backward
3444,Backward
3445,Right
3446,Right
3447,Forward
3448,Forward
3449,Forward
3450,Forward
3451,Left
3452,Forward
3453,Forward
3454,Left
3455,Backward
3456,Backward
3457,Backward
3458,Forward
3459,Backward
3460,Backward
3461,Backward
3462,Right
3463,Right
3464,Backward
3465,Forward
3466,Backward
3467,Forward
3468,Backward
3469,Forward
3470,Forward
3471,Backward
3472,Right
3473,Left
3474,Backward
3475,Left
3476,Left
3477,Left
3478,Forward
3479,Right
3480,Forward
3481,Forward
3482,Forward
3483,Left
3484,Right
3485,Backward
3486,Forward
3487,Left
3488,Right
3489,Forward
3490,Backward
3491,Backward
3492,Right
3493,Backward
3494,Backward
3495,Backward
3496,Right
3497,Forward
3498,Backward
3499,Right
3500,Forward
3501,Left
3502,Backward
3503,Left
3504,Right
3505,Left
3506,Forward
3507,Left
3508,Left
3509,Right
3510,Right
3511,Backward
3512,Forward
3513,Right
3514,Right
3515,Backward
3516,Backward
3517,Right
3518,Right
3519,Right
3520,Right
3521,Forward
3522,Backward
3523,Backward
3524,Right
3525,Backward
3526,Forward
3527,Backward
3528,Right
3529,Left
3530,Left
3531,Right
3532,Forward
3533,Forward
3534,Left
3535,Left
3536,Right
3537,Forward
3538,Forward
3539,Forward
3540,Left
3541,Backward
3542,Backward
3543,Backward
3544,Backward
3545,Right
3546,Right
3547,Left
3548,Backward
3549,Forward
3550,Left
3551,Backward
3552,Left
3553,Right
3554,Forward
3555,Right
3556,Forward
3557,Right
3558,Left
3559,Left
3560,Backward
3561,Left
3562,Backward
3563,Backward
3564,Forward
3565,Forward
3566,Left
3567,Forward
3568,Right
3569,Backward
3570,Forward
3571,Backward
3572,Backward
3573,Right
3574,Right
3575,Right
3576,Right
3577,Left
3578,Backward
3579,Forward
3580,Backward
3581,Left
3582,Right
3583,Backward
3584,Right
3585,Left
3586,Backward
3587,Backward
3588,Backward
3589,Left
3590,Left
3591,Forward
3592,Forward
3593,Right
3594,Left
3595,Right
3596,Backward
3597,Right
3598,Left
3599,Right
3600,Right
3601,Left
3602,Left
3603,Right
3604,Left
3605,Backward
3606,Backward
3607,Left
3608,Backward
3609,Forward
3610,Forward
3611,Backward
3612,Backward
3613,Left
3614,Backward
3615,Right
3616,Left
3617,Right
3618,Forward
3619,Backward
3620,Backward
3621,Forward
3622,Backward
3623,Forward
3624,Forward
3625,Forward
3626,Right
3627,Left
3628,Forward
3629,Backward
3630,Forward
3631,Left
3632,Forward
3633,Backward
3634,Backward
3635,Left
3636,Backward
3637,Backward
3638,Backward
3639,Left
3640,Forward
3641,Forward
3642,Backward
3643,Left
3644,Forward
3645,Forward
3646,Forward
3647,Backward
3648,Backward
3649,Forward
3650,Right
3651,Right
3652,Forward
3653,Backward
3654,Forward
3655,Forward
3656,Left
3657,Left
3658,Right
3659,Right
3660,Forward
3661,Left
3662,Left
3663,Forward
3664,Forward
3665,Right
3666,Forward
3667,Left
3668,Right
3669,Left
3670,Left
3671,Backward
3672,Right
3673,Backward
3674,Left
3675,Right
3676,Backward
3677,Backward
3678,Right
3679,Right
3680,Right
3681,Right
3682,Forward
3683,Backward
3684,Forward
3685,Right
3686,Right
3687,Right
3688,Right
3689,Forward
3690,Forward
3691,Forward
3692,Right
3693,Forward
3694,Backward
3695,Forward
3696,Forward
3697,Left
3698,Right
3699,Backward
3700,Forward
3701,Left
3702,Forward
3703,Right
3704,Left
3705,Left
3706,Right
3707,Left
3708,Right
3709,Left
3710,Backward
3711,Left
3712,Left
3713,Right
3714,Backward
3715,Backward
3716,Left
3717,Backward
3718,Forward
3719,Left
3720,Right
3721,Backward
3722,Right
3723,Backward
3724,Backward
3725,Backward
3726,Forward
3727,Right
3728,Forward
3729,Backward
3730,Forward
3731,Left
3732,Backward
3733,Right
3734,Left
3735,Forward
3736,Forward
3737,Backward
3738,Left
3739,Left
3740,Forward
3741,Forward
3742,Left
3743,Left
3744,Backward
3745,Backward
3746,Backward
3747,Left
3748,Right
3749,Right
3750,Backward
3751,Forward
3752,Left
3753,Forward
3754,Right
3755,Forward
3756,Right
3757,Backward
3758,Backward
3759,Right
3760,Right
3761,Backward
3762,Left
3763,Right
3764,Right
3765,Right
3766,Backward
3767,Forward
3768,Backward
3769,Backward
3770,Left
3771,Backward
3772,Forward
3773,Backward
3774,Backward
3775,Forward
3776,Forward
3777,Backward
3778,Left
3779,Backward
3780,Left
3781,Right
3782,Left
3783,Left
3784,Backward
3785,Backward
3786,Right
3787,Right
3788,Left
3789,Backward
3790,Forward
3791,Left
3792,Right
3793,Right
3794,Right
3795,Backward
3796,Backward
3797,Left
3798,Left
3799,Right
3800,Forward
3801,Right
3802,Left
3803,Forward
3804,Backward
3805,Forward
3806,Right
3807,Forward
3808,Right
3809,Backward
3810,Forward
3811,Left
3812,Right
3813,Left
3814,Left
3815,Backward
3816,Forward
3817,Backward
3818,Right
3819,Right
3820,Left
3821,Left
3822,Left
3823,Left
3824,Right
3825,Forward
3826,Right
3827,Forward
3828,Forward
3829,Left
3830,Backward
3831,Backward
3832,Right
3833,Right
3834,Left
3835,Forward
3836,Forward
3837,Right
3838,Left
3839,Forward
3840,Left
3841,Right
3842,Forward
3843,Forward
3844,Left
3845,Forward
3846,Backward
3847,Left
3848,Left
3849,Backward
3850,Right
3851,Left
3852,Forward
3853,Right
3854,Forward
3855,Backward
3856,Left
3857,Right
3858,Forward
3859,Right
3860,Left
3861,Backward
3862,Backward
3863,Forward
3864,Forward
3865,Left
3866,Forward
3867,Backward
3868,Backward
3869,Right
3870,Forward
3871,Forward
3872,Forward
3873,Right
3874,Forward
3875,Left
3876,Right
3877,Backward
3878,Left
3879,Backward
3880,Left
3881,Left
3882,Right
3883,Right
3884,Forward
3885,Forward
3886,Backward
3887,Forward
3888,Backward
3889,Right
3890,Forward
3891,Left
3892,Left
3893,Backward
3894,Backward
3895,Left
3896,Left
3897,Forward
3898,Forward
3899,Right
3900,Forward
3901,Forward
3902,Forward
3903,Backward
3904,Forward
3905,Right
3906,Backward
3907,Backward
3908,Backward
3909,Forward
3910,Backward
3911,Backward
3912,Forward
3913,Backward
3914,Forward
3915,Forward
3916,Backward
3917,Right
3918,Forward
3919,Backward
3920,Left
3921,Forward
3922,Forward
3923,Left
3924,Left
3925,Forward
3926,Right
3927,Left
3928,Right
3929,Forward
3930,Right
3931,Backward
3932,Forward
3933,Forward
3934,Right
3935,Forward
3936,Backward
3937,Backward
3938,Backward
3939,Right
3940,Right
3941,Backward
3942,Backward
3943,Forward
3944,Backward
3945,Left
3946,Forward
3947,Forward
3948,Forward
3949,Forward
3950,Backward
3951,Forward
3952,Left
3953,Left
3954,Right
3955,Forward
3956,Right
3957,Forward
3958,Backward
3959,Backward
3960,Backward
3961,Right
3962,Left
3963,Forward
3964,Forward
3965,Backward
3966,Forward
3967,Forward
3968,Backward
3969,Backward
3970,Left
3971,Backward
3972,Backward
3973,Backward
3974,Right
3975,Backward
3976,Backward
3977,Forward
3978,Forward
3979,Forward
3980,Backward
3981,Forward
3982,Right
3983,Right
3984,Left
3985,Left
3986,Left
3987,Left
3988,Left
3989,Forward
3990,Forward
3991,Left
3992,Left
3993,Forward
3994,Forward
3995,Left
3996,Forward
3997,Right
3998,Left
3999,Right
4000,Backward
4001,Right
4002,Right
4003,Right
4004,Left
4005,Backward
4006,Left
4007,Right
4008,Left
4009,Forward
4010,Right
4011,Left
4012,Right
4013,Forward
4014,Right
4015,Backward
4016,Left
4017,Left
4018,Left
4019,Forward
4020,Left
4021,Right
4022,Left
4023,Left
4024,Right
4025,Forward
4026,Forward
4027,Right
4028,Backward
4029,Backward
4030,Forward
4031,Right
4032,Backward
4033,Right
4034,Backward
4035,Backward
4036,Backward
4037,Forward
4038,Backward
4039,Forward
4040,Forward
4041,Backward
4042,Backward
4043,Right
4044,Forward
4045,Right
4046,Left
4047,Left
4048,Right
4049,Left
4050,Left
4051,Right
4052,Right
4053,Right
4054,Right
4055,Left
4056,Left
4057,Left
4058,Forward
4059,Forward
4060,Right
4061,Right
4062,Forward
4063,Backward
4064,Backward
4065,Right
4066,Left
4067,Backward
4068,Forward
4069,Forward
4070,Forward
4071,Left
4072,Backward
4073,Left
4074,Left
4075,Right
4076,Left
4077,Left
4078,Right
4079,Forward
4080,Right
4081,Forward
4082,Left
4083,Backward
4084,Right
4085,Backward
4086,Right
4087,Right
4088,Backward
4089,Right
4090,Left
4091,Backward
4092,Backward
4093,Right
4094,Backward
4095,Backward
4096,Right
4097,Backward
4098,Forward
4099,Right
4100,Forward
4101,Left
4102,Forward
4103,Backward
4104,Forward
4105,Right
4106,Backward
4107,Forward
4108,Backward
4109,Backward
4110,Forward
4111,Right
4112,Backward
4113,Right
4114,Right
4115,Forward
4116,Left
4117,Backward
4118,Left
4119,Left
4120,Right
4121,Backward
4122,Backward
4123,Backward
4124,Forward
4125,Backward
4126,Left
4127,Forward
4128,Backward
4129,Right
4130,Left
4131,Left
4132,Forward
4133,Backward
4134,Left
4135,Right
4136,Left
4137,Backward
4138,Right
4139,Backward
4140,Right
4141,Backward
4142,Forward
4143,Forward
4144,Backward
4145,Backward
4146,Backward
4147,Forward
4148,Right
4149,Forward
4150,Right
4151,Left
4152,Right
4153,Forward
4154,Left
4155,Forward
4156,Backward
4157,Backward
4158,Forward
4159,Backward
4160,Backward
4161,Forward
4162,Left
4163,Right
4164,Right
4165,Forward
4166,Backward
4167,Backward
4168,Backward
4169,Left
4170,Left
4171,Left
4172,Left
4173,Right
4174,Left
4175,Backward
4176,Forward
4177,Backward
4178,Backward
4179,Forward
4180,Backward
4181,Backward
4182,Right
4183,Right
4184,Backward
4185,Forward
4186,Right
4187,Backward
4188,Forward
4189,Backward
4190,Right
4191,Forward
4192,Right
4193,Left
4194,Left
4195,Backward
4196,Right
4197,Right
4198,Left
4199,Forward
4200,Right
4201,Forward
4202,Backward
4203,Right
4204,Right
4205,Right
4206,Left
4207,Backward
4208,Left
4209,Backward
4210,Backward
4211,Backward
4212,Right
4213,Left
4214,Left
4215,Forward
4216,Right
4217,Left
4218,Left
4219,Right
4220,Left
4221,Left
4222,Left
4223,Backward
4224,Forward
4225,Left
4226,Right
4227,Left
4228,Right
4229,Forward
4230,Left
4231,Right
4232,Left
4233,Right
4234,Left
4235,Right
4236,Forward
4237,Right
4238,Left
4239,Forward
4240,Backward
4241,Right
4242,Backward
4243,Right
4244,Right
4245,Right
4246,Forward
4247,Backward
4248,Forward
4249,Left
4250,Right
4251,Left
4252,Right
4253,Backward
4254,Left
4255,Left
4256,Left
4257,Backward
4258,Left
4259,Left
4260,Left
4261,Backward
4262,Left
4263,Forward
4264,Backward
4265,Right
4266,Forward
4267,Left
4268,Left
4269,Right
4270,Backward
4271,Right
4272,Right
4273,Right
4274,Forward
4275,Backward
4276,Forward
4277,Forward
4278,Forward
4279,Left
4280,Right
4281,Forward
4282,Right
4283,Left
4284,Forward
4285,Left
4286,Right
4287,Right
4288,Forward
4289,Forward
4290,Right
4291,Forward
4292,Backward
4293,Backward
4294,Forward
4295,Right
4296,Left
4297,Left
4298,Right
4299,Backward
4300,Forward
4301,Right
4302,Backward
4303,Backward
4304,Left
4305,Left
4306,Backward
4307,Backward
4308,Forward
4309,Backward
4310,Backward
4311,Backward
4312,Forward
4313,Right
4314,Forward
4315,Right
4316,Right
4317,Right
4318,Backward
4319,Forward
4320,Right
4321,Backward
4322,Backward
4323,Backward
4324,Backward
4325,Forward
4326,Backward
4327,Forward
4328,Left
4329,Left
4330,Left
4331,Left
4332,Right
4333,Right
4334,Right
4335,Right
4336,Right
4337,Right
4338,Left
4339,Left
4340,Right
4341,Right
4342,Forward
4343,Forward
4344,Forward
4345,Backward
4346,Left
4347,Left
4348,Forward
4349,Right
4350,Forward
4351,Left
4352,Backward
4353,Forward
4354,Right
4355,Forward
4356,Left
4357,Backward
4358,Forward
4359,Left
4360,Left
4361,Backward
4362,Backward
4363,Forward
4364,Right
4365,Forward
4366,Backward
4367,Backward
4368,Right
4369,Left
4370,Backward
4371,Right
4372,Forward
4373,Forward
4374,Right
4375,Backward
4376,Forward
4377,Forward
4378,Left
4379,Backward
4380,Right
4381,Left
4382,Left
4383,Backward
4384,Left
4385,Left
4386,Right
4387,Right
4388,Backward
4389,Forward
4390,Forward
4391,Backward
4392,Forward
4393,Right
4394,Right
4395,Backward
4396,Forward
4397,Forward
4398,Left
4399,Backward
4400,Right
4401,Forward
4402,Right
4403,Backward
4404,Forward
4405,Forward
4406,Right
4407,Right
4408,Right
4409,Left
4410,Right
4411,Backward
4412,Backward
4413,Left
4414,Left
4415,Backward
4416,Backward
4417,Left
4418,Left
4419,Left
4420,Backward
4421,Forward
4422,Right
4423,Forward
4424,Right
4425,Forward
4426,Forward
4427,Right
4428,Forward
4429,Forward
4430,Right
4431,Left
4432,Forward
4433,Forward
4434,Forward
4435,Left
4436,Forward
4437,Left
4438,Right
4439,Forward
4440,Backward
4441,Forward
4442,Forward
4443,Forward
4444,Backward
4445,Right
4446,Left
4447,Right
4448,Left
4449,Right
4450,Right
4451,Left
4452,Left
4453,Left
4454,Left
4455,Left
4456,Left
4457,Backward
4458,Backward
4459,Left
4460,Right
4461,Right
4462,Right
4463,Backward
4464,Forward
4465,Backward
4466,Left
4467,Backward
4468,Forward
4469,Forward
4470,Forward
4471,Forward
4472,Forward
4473,Left
4474,Left
4475,Backward
4476,Left
4477,Left
4478,Left
4479,Backward
4480,Left
4481,Left
4482,Right
4483,Backward
4484,Left
4485,Left
4486,Left
4487,Left
4488,Backward
4489,Backward
4490,Forward
4491,Left
4492,Left
4494,Forward
4495,Left
4496,Forward
4497,Forward
4498,Backward
4499,Right
4500,Backward
4501,Backward
4502,Forward
4503,Left
4504,Left
4505,Left
4506,Backward
4507,Left
4508,Right
4509,Backward
4510,Right
4511,Forward
4512,Right
4513,Right
4514,Backward
4515,Right
4516,Right
4517,Forward
4518,Backward
4519,Backward
4520,Right
4521,Right
4522,Forward
4526,Backward
4527,Backward
4528,Left
4529,Backward
4530,Forward
4531,Right
4533,Backward
4535,Forward
4536,Backward
4537,Backward
4538,Backward
4539,Backward
4540,Forward
4541,Left
4543,Left
4544,Right
4545,Backward
4546,Left
4548,Left
4549,Forward
4550,Backward
4551,Right
4552,Right
4553,Backward
4554,Left
4555,Forward
4556,Left
4557,Left
4558,Forward
4559,Backward
4560,Right
4561,Left
4562,Right
4563,Right
4564,Right
4565,Forward
4566,Right
4567,Backward
4568,Left
4569,Right
4570,Backward
4571,Forward
4572,Left
4573,Backward
4574,Left
4575,Right
4576,Forward
4577,Left
4578,Forward
4579,Backward
4580,Right
4581,Forward
4582,Left
4583,Left
4584,Left
4585,Backward
4586,Backward
4587,Forward
4588,Left
4589,Left
4590,Forward
4591,Forward
4592,Right
4593,Left
4594,Backward
4595,Left
4596,Backward
4597,Forward
4598,Left
4599,Left
4600,Backward
4601,Right
4602,Backward
4603,Backward
4604,Left
4605,Backward
4606,Right
4607,Forward
4608,Forward
4609,Left
4610,Forward
4611,Left
4612,Right
4613,Forward
4614,Left
4615,Left
4616,Backward
4617,Backward
4618,Forward
4619,Forward
4620,Right
4621,Forward
4622,Left
4623,Backward
4624,Left
4625,Right
4626,Right
4627,Backward
4628,Forward
4629,Forward
4630,Backward
4631,Left
4632,Right
4633,Backward
4634,Right
4635,Right
4636,Right
4637,Forward
4638,Right
4639,Right
4640,Forward
4641,Backward
4642,Forward
4643,Backward
4644,Forward
4645,Forward
4646,Left
4647,Forward
4648,Right
4649,Backward
4650,Forward
4651,Left
4652,Right
4653,Forward
4654,Left
4655,Forward
4656,Backward
4657,Backward
4658,Backward
4659,Left
4660,Left
4661,Left
4662,Backward
4663,Right
4664,Right
4665,Right
4666,Backward
4667,Right
4668,Backward
4669,Backward
4670,Backward
4671,Left
4672,Forward
4673,Backward
4674,Backward
4675,Backward
4676,Left
4677,Right
4678,Backward
4679,Left
4680,Forward
4681,Backward
4682,Right
4683,Forward
4684,Right
4685,Right
4686,Forward
4687,Forward
4688,Right
4689,Right
4690,Left
4691,Right
4692,Backward
4693,Left
4694,Forward
4695,Forward
4696,Right
4697,Backward
4698,Backward
4699,Left
4700,Forward
4701,Forward
4702,Backward
4703,Forward
4704,Backward
4705,Backward
4706,Forward
4707,Forward
4708,Right
4709,Right
4710,Left
4711,Backward
4712,Left
4713,Right
4714,Right
4715,Backward
4716,Backward
4717,Forward
4718,Backward
4719,Backward
4720,Forward
4721,Forward
4722,Backward
4723,Left
4724,Right
4725,Forward
4726,Forward
4727,Forward
4728,Left
4729,Left
4730,Backward
4731,Left
4732,Left
4733,Forward
4734,Forward
4735,Backward
4736,Backward
4737,Right
4738,Right
4739,Left
4740,Forward
4741,Backward
4742,Backward
4743,Backward
4744,Right
4745,Backward
4746,Left
4747,Right
4748,Right
4749,Left
4750,Right
4751,Backward
4752,Backward
4753,Left
4754,Forward
4755,Backward
4756,Right
4757,Left
4758,Left
4759,Backward
4760,Left
4761,Right
4762,Right
4763,Forward
4764,Backward
4765,Forward
4766,Backward
4767,Backward
4768,Right
4769,Backward
4770,Backward
4771,Backward
4772,Right
4773,Left
4774,Backward
4775,Forward
4776,Left
4777,Forward
4778,Right
4779,Left
4780,Left
4781,Left
4782,Backward
4783,Right
4784,Forward
4785,Forward
4786,Forward
4787,Left
4788,Forward
4789,Left
4790,Right
4791,Backward
4792,Backward
4793,Left
4794,Left
4795,Forward
4796,Left
4797,Right
4798,Forward
4799,Forward
4800,Backward
